<?xml version="1.0" encoding="UTF-8" ?>
<project>
	<owner></owner>
	<copyright><![CDATA[Copyright (c) 2012-2014 Tim Molderez.

All rights reserved. This program and the accompanying materials
are made available under the terms of the 3-Clause BSD License
which accompanies this distribution, and is available at
http://www.opensource.org/licenses/BSD-3-Clause]]></copyright>
	<header contentId="org.eclipse.pde.fragmentManifest" excluded="true" />
	<header contentId="org.eclipse.pde.pluginProperties" excluded="true" />
	<header contentId="org.eclipse.pde.productFile" excluded="true" />
	<header contentId="org.eclipse.jst.j2ee.appclientDD" excluded="true" />
	<header contentId="org.eclipse.ant.core.antBuildFile" excluded="true" />
	<header contentId="org.eclipse.pde.simpleCheatSheet" excluded="true" />
	<header contentId="org.eclipse.core.runtime.xml" postBlankLines="0" lineFormat="false" preserveFirstLine="true">
		<beginLine><![CDATA[<!--]]></beginLine>
		<linePrefix><![CDATA[  ]]></linePrefix>
		<endLine><![CDATA[-->]]></endLine>
		<firstLinePattern><![CDATA[<\?xml version=.*\?>]]></firstLinePattern>
	</header>
	<header contentId="org.eclipse.jst.j2ee.webDD" excluded="true" />
	<header contentId="org.eclipse.pde.compositeCheatSheet" excluded="true" />
	<header contentId="org.eclipse.pde.schema" excluded="true" />
	<header contentId="org.eclipse.pde.tocFile" excluded="true" />
	<header contentId="org.eclipse.jst.j2ee.earDD" excluded="true" />
	<header contentId="org.eclipse.pde.ctxHelpFile" excluded="true" />
	<header contentId="org.eclipse.pde.categoryManifest" excluded="true" />
	<header contentId="org.eclipse.jdt.core.JARManifest" excluded="true" />
	<header contentId="org.eclipse.pde.buildProperties" excluded="true" />
	<header contentId="org.eclipse.ui.views.log.log" excluded="true" />
	<header contentId="org.eclipse.pde.siteManifest" excluded="true" />
	<header contentId="org.eclipse.pde.bundleManifest" excluded="true" />
	<header contentId="org.eclipse.pde.targetFile" excluded="true" />
	<header contentId="org.eclipse.jst.j2ee.connectorDD" excluded="true" />
	<header contentId="org.eclipse.pde.pluginManifest" excluded="true" />
	<header contentId="org.eclipse.core.runtime.text" postBlankLines="0" lineFormat="true" preserveFirstLine="false">
		<beginLine><![CDATA[#-------------------------------------------------------------------------------]]></beginLine>
		<linePrefix><![CDATA[# ]]></linePrefix>
		<endLine><![CDATA[#-------------------------------------------------------------------------------]]></endLine>
	</header>
	<header contentId="org.eclipse.jst.j2ee.ejbDD" excluded="true" />
	<header contentId="org.eclipse.pde.featureManifest" excluded="true" />
	<header contentId="org.eclipse.jdt.core.javaSource" postBlankLines="1" lineFormat="false" preserveFirstLine="false">
		<beginLine><![CDATA[/*******************************************************************************]]></beginLine>
		<linePrefix><![CDATA[ * ]]></linePrefix>
		<endLine><![CDATA[ ******************************************************************************/]]></endLine>
	</header>
</project>
